{
	"agcgw": {
		"backurl": "connect-drcn.hispace.hicloud.com",
		"url": "connect-drcn.dbankcloud.cn",
		"websocketbackurl": "connect-ws-drcn.hispace.dbankcloud.com",
		"websocketurl": "connect-ws-drcn.hispace.dbankcloud.cn"
	},
	"agcgw_all": {
		"CN": "connect-drcn.dbankcloud.cn",
		"CN_back": "connect-drcn.hispace.hicloud.com",
		"DE": "connect-dre.dbankcloud.cn",
		"DE_back": "connect-dre.hispace.hicloud.com",
		"RU": "connect-drru.hispace.dbankcloud.ru",
		"RU_back": "connect-drru.hispace.dbankcloud.cn",
		"SG": "connect-dra.dbankcloud.cn",
		"SG_back": "connect-dra.hispace.hicloud.com"
	},
	"websocketgw_all": {
		"CN": "connect-ws-drcn.hispace.dbankcloud.cn",
		"CN_back": "connect-ws-drcn.hispace.dbankcloud.com",
		"DE": "connect-ws-dre.hispace.dbankcloud.cn",
		"DE_back": "connect-ws-dre.hispace.dbankcloud.com",
		"RU": "connect-ws-drru.hispace.dbankcloud.ru",
		"RU_back": "connect-ws-drru.hispace.dbankcloud.cn",
		"SG": "connect-ws-dra.hispace.dbankcloud.cn",
		"SG_back": "connect-ws-dra.hispace.dbankcloud.com"
	},
	"client": {
		"cp_id": "30086000774619950",
		"product_id": "388421841222106996",
		"client_id": "1404552347975198080",
		"client_secret": "5D11119D63F80A13F92AF39519E525F8A17CCE70EDE91A4808DB523A9C365465",
		"project_id": "388421841222106996",
		"app_id": "110858307",
		"api_key": "DQEDAIA+HZNryVDzlRbi3S1OVmuobrzG723fVwPFD4UB0d8FAgOB8+F9wOpTGBY0TYCD1O2B5CsY7UOLA24BDWYx6h86ikPxgPGqcg==",
		"package_name": "app.bumoumobile.com"
	},
	"oauth_client": {
		"client_id": "110858307",
		"client_type": 1
	},
	"app_info": {
		"app_id": "110858307",
		"package_name": "app.bumoumobile.com"
	},
	"service": {
		"analytics": {
			"collector_url": "datacollector-drcn.dt.hicloud.com,datacollector-drcn.dt.dbankcloud.cn",
			"collector_url_ru": "datacollector-drru.dt.dbankcloud.ru,datacollector-drru.dt.hicloud.com",
			"collector_url_sg": "datacollector-dra.dt.hicloud.com,datacollector-dra.dt.dbankcloud.cn",
			"collector_url_de": "datacollector-dre.dt.hicloud.com,datacollector-dre.dt.dbankcloud.cn",
			"collector_url_cn": "datacollector-drcn.dt.hicloud.com,datacollector-drcn.dt.dbankcloud.cn",
			"resource_id": "p1",
			"channel_id": ""
		},
		"edukit": {
			"edu_url": "edukit.cloud.huawei.com.cn",
			"dh_url": "edukit.cloud.huawei.com.cn"
		},
		"search": {
			"url": "https://search-drcn.cloud.huawei.com"
		},
		"cloudstorage": {
			"storage_url_sg_back": "https://agc-storage-dra.cloud.huawei.asia",
			"storage_url_ru_back": "https://agc-storage-drru.cloud.huawei.ru",
			"storage_url_ru": "https://agc-storage-drru.cloud.huawei.ru",
			"storage_url_de_back": "https://agc-storage-dre.cloud.huawei.eu",
			"storage_url_de": "https://ops-dre.agcstorage.link",
			"storage_url": "https://agc-storage-drcn.platform.dbankcloud.cn",
			"storage_url_sg": "https://ops-dra.agcstorage.link",
			"storage_url_cn_back": "https://agc-storage-drcn.cloud.huawei.com.cn",
			"storage_url_cn": "https://agc-storage-drcn.platform.dbankcloud.cn"
		},
		"ml": {
			"mlservice_url": "ml-api-drcn.ai.dbankcloud.com,ml-api-drcn.ai.dbankcloud.cn"
		}
	},
	"region": "CN",
	"configuration_version": "3.0",
	"appInfos": [
		{
			"package_name": "app.bumoumobile.com",
			"client": {
				"app_id": "110858307"
			},
			"app_info": {
				"package_name": "app.bumoumobile.com",
				"app_id": "110858307"
			},
			"oauth_client": {
				"client_type": 1,
				"client_id": "110858307"
			}
		}
	]
}