{"v":"5.8.1","fr":25,"ip":0,"op":51,"w":800,"h":800,"nm":"Heart Beat Logo","ddd":0,"assets":[],"layers":[{"ddd":0,"ind":1,"ty":4,"nm":"Layer 2 Outlines","sr":1,"ks":{"o":{"a":0,"k":100,"ix":11},"r":{"a":0,"k":0,"ix":10},"p":{"a":1,"k":[{"i":{"x":0.504,"y":1},"o":{"x":0.201,"y":0},"t":0,"s":[604.777,353.478,0],"to":[-28.917,-28.667,0],"ti":[-0.333,-0.167,0]},{"i":{"x":0.86,"y":1},"o":{"x":0.231,"y":0},"t":25,"s":[431.277,181.478,0],"to":[0.333,0.167,0],"ti":[-29.25,-28.833,0]},{"t":50,"s":[606.777,354.478,0]}],"ix":2,"l":2},"a":{"a":0,"k":[31.93,31.93,0],"ix":1,"l":2},"s":{"a":0,"k":[100,100,100],"ix":6,"l":2}},"ao":0,"shapes":[{"ty":"gr","it":[{"ind":0,"ty":"sh","ix":1,"ks":{"a":0,"k":{"i":[[0,-17.496],[17.496,0],[0,17.496],[-17.496,0]],"o":[[0,17.496],[-17.496,0],[0,-17.496],[17.496,0]],"v":[[31.68,0],[0,31.68],[-31.68,0],[0,-31.68]],"c":true},"ix":2},"nm":"Path 1","mn":"ADBE Vector Shape - Group","hd":false},{"ty":"fl","c":{"a":0,"k":[0.936999990426,0.275,0.463000009574,1],"ix":4},"o":{"a":0,"k":100,"ix":5},"r":1,"bm":0,"nm":"Fill 1","mn":"ADBE Vector Graphic - Fill","hd":false},{"ty":"tr","p":{"a":0,"k":[31.93,31.93],"ix":2},"a":{"a":0,"k":[0,0],"ix":1},"s":{"a":0,"k":[100,100],"ix":3},"r":{"a":0,"k":0,"ix":6},"o":{"a":0,"k":100,"ix":7},"sk":{"a":0,"k":0,"ix":4},"sa":{"a":0,"k":0,"ix":5},"nm":"Transform"}],"nm":"Group 1","np":2,"cix":2,"bm":0,"ix":1,"mn":"ADBE Vector Group","hd":false}],"ip":0,"op":52,"st":0,"bm":0},{"ddd":0,"ind":3,"ty":4,"nm":"Layer 4 Outlines","sr":1,"ks":{"o":{"a":0,"k":100,"ix":11},"r":{"a":0,"k":0,"ix":10},"p":{"a":0,"k":[391.705,411.945,0],"ix":2,"l":2},"a":{"a":0,"k":[72.705,87.945,0],"ix":1,"l":2},"s":{"a":0,"k":[100,100,100],"ix":6,"l":2}},"ao":0,"shapes":[{"ty":"gr","it":[{"ind":0,"ty":"sh","ix":1,"ks":{"a":0,"k":{"i":[[2.48,-2.48],[3.79,0],[0,0],[0,8.06],[-2.4,2.39],[-3.66,0],[0,0],[0,-7.79]],"o":[[-2.49,2.48],[0,0],[-8.06,0],[0,-3.65],[2.4,-2.4],[0,0],[7.79,0],[0,3.79]],"v":[[28.505,44.025],[18.795,48.045],[-19.435,48.045],[-34.025,33.455],[-30.145,24.095],[-20.775,20.215],[18.415,20.215],[32.525,34.325]],"c":true},"ix":2},"nm":"Path 1","mn":"ADBE Vector Shape - Group","hd":false},{"ind":1,"ty":"sh","ix":2,"ks":{"a":0,"k":{"i":[[-2.4,2.39],[-3.66,0],[0,0],[0,-7.79],[2.48,-2.48],[3.79,0],[0,0],[0,8.06]],"o":[[2.4,-2.4],[0,0],[7.79,0],[0,3.79],[-2.48,2.48],[0,0],[-8.06,0],[0,-3.65]],"v":[[-32.145,-42.525],[-22.775,-46.405],[10.155,-46.405],[24.265,-32.305],[20.245,-22.595],[10.535,-18.575],[-21.435,-18.575],[-36.025,-33.165]],"c":true},"ix":2},"nm":"Path 2","mn":"ADBE Vector Shape - Group","hd":false},{"ind":2,"ty":"sh","ix":3,"ks":{"a":0,"k":{"i":[[10.27,7.11],[0,7.93],[0,0],[30.06,0],[0,0],[0,-22.04],[0,0],[-22.68,0],[0,0],[0,28.87],[0,0]],"o":[[6.14,-4.25],[0,0],[0,-30.06],[0,0],[-22.04,0],[0,0],[0,22.68],[0,0],[28.87,0],[0,0],[0,-12.92]],"v":[[53.335,-7.125],[62.665,-29.515],[62.665,-33.265],[8.235,-87.695],[-32.545,-87.695],[-72.455,-47.785],[-72.455,46.635],[-31.395,87.695],[20.185,87.695],[72.455,35.425],[72.455,29.805]],"c":true},"ix":2},"nm":"Path 3","mn":"ADBE Vector Shape - Group","hd":false},{"ty":"mm","mm":1,"nm":"Merge Paths 1","mn":"ADBE Vector Filter - Merge","hd":false},{"ty":"fl","c":{"a":0,"k":[1,1,1,1],"ix":4},"o":{"a":0,"k":100,"ix":5},"r":1,"bm":0,"nm":"Fill 1","mn":"ADBE Vector Graphic - Fill","hd":false},{"ty":"tr","p":{"a":0,"k":[72.705,87.945],"ix":2},"a":{"a":0,"k":[0,0],"ix":1},"s":{"a":0,"k":[100,100],"ix":3},"r":{"a":0,"k":0,"ix":6},"o":{"a":0,"k":100,"ix":7},"sk":{"a":0,"k":0,"ix":4},"sa":{"a":0,"k":0,"ix":5},"nm":"Transform"}],"nm":"Group 1","np":5,"cix":2,"bm":0,"ix":1,"mn":"ADBE Vector Group","hd":false}],"ip":0,"op":52,"st":0,"bm":0},{"ddd":0,"ind":5,"ty":4,"nm":"Layer 5 Outlines","sr":1,"ks":{"o":{"a":0,"k":100,"ix":11},"r":{"a":0,"k":0,"ix":10},"p":{"a":0,"k":[399.735,399.72,0],"ix":2,"l":2},"a":{"a":0,"k":[160.235,160.22,0],"ix":1,"l":2},"s":{"a":0,"k":[100,100,100],"ix":6,"l":2}},"ao":0,"shapes":[{"ty":"gr","it":[{"ind":0,"ty":"sh","ix":1,"ks":{"a":0,"k":{"i":[[17.01,-8.81],[0,-12.96],[0,0],[63.29,0],[0,0],[0,63.29],[0,0],[-63.29,0],[0,0],[-11.63,-3.98],[-20.48,0],[0,-29.26]],"o":[[3.97,11.62],[0,0],[0,63.29],[0,0],[-63.29,0],[0,0],[0,-63.29],[0,0],[12.97,0],[8.82,-17],[29.26,0],[0,20.49]],"v":[[131.345,-59.91],[137.465,-22.88],[137.465,45.37],[22.875,159.97],[-45.385,159.97],[-159.985,45.37],[-159.985,-22.88],[-45.385,-137.48],[22.875,-137.48],[59.935,-131.35],[106.995,-159.97],[159.985,-106.98]],"c":true},"ix":2},"nm":"Path 1","mn":"ADBE Vector Shape - Group","hd":false},{"ty":"fl","c":{"a":0,"k":[0,0,0,1],"ix":4},"o":{"a":0,"k":100,"ix":5},"r":1,"bm":0,"nm":"Fill 1","mn":"ADBE Vector Graphic - Fill","hd":false},{"ty":"tr","p":{"a":0,"k":[160.235,160.22],"ix":2},"a":{"a":0,"k":[0,0],"ix":1},"s":{"a":0,"k":[100,100],"ix":3},"r":{"a":0,"k":0,"ix":6},"o":{"a":0,"k":100,"ix":7},"sk":{"a":0,"k":0,"ix":4},"sa":{"a":0,"k":0,"ix":5},"nm":"Transform"}],"nm":"Group 1","np":2,"cix":2,"bm":0,"ix":1,"mn":"ADBE Vector Group","hd":false}],"ip":0,"op":52,"st":0,"bm":0}],"markers":[]}