{
    "nm": "loading animation",
    "ddd": 0,
    "h": 512,
    "w": 512,
    "meta": {
        "g": "LottieFiles AE 3.4.5"
    },
    "layers": [
        {
            "ty": 4,
            "nm": "circle-1",
            "sr": 1,
            "st": 0,
            "op": 181,
            "ip": 0,
            "hd": false,
            "ddd": 0,
            "bm": 0,
            "hasMask": false,
            "ao": 0,
            "ks": {
                "a": {
                    "a": 0,
                    "k": [
                        -58,
                        -78,
                        0
                    ],
                    "ix": 1
                },
                "s": {
                    "a": 0,
                    "k": [
                        180,
                        180,
                        100
                    ],
                    "ix": 6
                },
                "sk": {
                    "a": 0,
                    "k": 0
                },
                "p": {
                    "a": 1,
                    "k": [
                        {
                            "o": {
                                "x": 0.333,
                                "y": 0
                            },
                            "i": {
                                "x": 0.667,
                                "y": 0.426
                            },
                            "s": [
                                256,
                                181,
                                0
                            ],
                            "t": 0,
                            "ti": [
                                0,
                                -41.421,
                                0
                            ],
                            "to": [
                                41.421,
                                0,
                                0
                            ]
                        },
                        {
                            "o": {
                                "x": 0.333,
                                "y": 0.305
                            },
                            "i": {
                                "x": 0.667,
                                "y": 0.653
                            },
                            "s": [
                                331,
                                256,
                                0
                            ],
                            "t": 23.172,
                            "ti": [
                                41.421,
                                0,
                                0
                            ],
                            "to": [
                                0,
                                41.421,
                                0
                            ]
                        },
                        {
                            "o": {
                                "x": 0.333,
                                "y": 0.347
                            },
                            "i": {
                                "x": 0.667,
                                "y": 0.695
                            },
                            "s": [
                                256,
                                331,
                                0
                            ],
                            "t": 35.5,
                            "ti": [
                                0,
                                41.421,
                                0
                            ],
                            "to": [
                                -41.421,
                                0,
                                0
                            ]
                        },
                        {
                            "o": {
                                "x": 0.333,
                                "y": 0.574
                            },
                            "i": {
                                "x": 0.667,
                                "y": 1
                            },
                            "s": [
                                181,
                                256,
                                0
                            ],
                            "t": 47.828,
                            "ti": [
                                -41.421,
                                0,
                                0
                            ],
                            "to": [
                                0,
                                -41.421,
                                0
                            ]
                        },
                        {
                            "s": [
                                256,
                                181,
                                0
                            ],
                            "t": 71
                        }
                    ],
                    "ix": 2
                },
                "r": {
                    "a": 0,
                    "k": 0,
                    "ix": 10
                },
                "sa": {
                    "a": 0,
                    "k": 0
                },
                "o": {
                    "a": 0,
                    "k": 100,
                    "ix": 11
                }
            },
            "ef": [],
            "shapes": [
                {
                    "ty": "gr",
                    "bm": 0,
                    "hd": false,
                    "mn": "ADBE Vector Group",
                    "nm": "Ellipse 2",
                    "ix": 1,
                    "cix": 2,
                    "np": 3,
                    "it": [
                        {
                            "ty": "el",
                            "bm": 0,
                            "hd": false,
                            "mn": "ADBE Vector Shape - Ellipse",
                            "nm": "Ellipse Path 1",
                            "d": 1,
                            "p": {
                                "a": 0,
                                "k": [
                                    0,
                                    0
                                ],
                                "ix": 3
                            },
                            "s": {
                                "a": 0,
                                "k": [
                                    50,
                                    50
                                ],
                                "ix": 2
                            }
                        },
                        {
                            "ty": "fl",
                            "bm": 0,
                            "hd": false,
                            "mn": "ADBE Vector Graphic - Fill",
                            "nm": "Fill 1",
                            "c": {
                                "a": 0,
                                "k": [
                                    0.9373,
                                    0.2745,
                                    0.4627
                                ],
                                "ix": 4
                            },
                            "r": 1,
                            "o": {
                                "a": 0,
                                "k": 100,
                                "ix": 5
                            }
                        },
                        {
                            "ty": "tr",
                            "a": {
                                "a": 0,
                                "k": [
                                    0,
                                    0
                                ],
                                "ix": 1
                            },
                            "s": {
                                "a": 0,
                                "k": [
                                    100,
                                    100
                                ],
                                "ix": 3
                            },
                            "sk": {
                                "a": 0,
                                "k": 0,
                                "ix": 4
                            },
                            "p": {
                                "a": 0,
                                "k": [
                                    -58,
                                    -78
                                ],
                                "ix": 2
                            },
                            "r": {
                                "a": 0,
                                "k": 0,
                                "ix": 6
                            },
                            "sa": {
                                "a": 0,
                                "k": 0,
                                "ix": 5
                            },
                            "o": {
                                "a": 0,
                                "k": 100,
                                "ix": 7
                            }
                        }
                    ]
                }
            ],
            "ind": 1
        },
        {
            "ty": 4,
            "nm": "circle-2",
            "sr": 1,
            "st": 11,
            "op": 192,
            "ip": 11,
            "hd": false,
            "ddd": 0,
            "bm": 0,
            "hasMask": false,
            "ao": 0,
            "ks": {
                "a": {
                    "a": 0,
                    "k": [
                        -58,
                        -78,
                        0
                    ],
                    "ix": 1
                },
                "s": {
                    "a": 0,
                    "k": [
                        130,
                        130,
                        100
                    ],
                    "ix": 6
                },
                "sk": {
                    "a": 0,
                    "k": 0
                },
                "p": {
                    "a": 1,
                    "k": [
                        {
                            "o": {
                                "x": 0.333,
                                "y": 0
                            },
                            "i": {
                                "x": 0.667,
                                "y": 0.426
                            },
                            "s": [
                                256,
                                181,
                                0
                            ],
                            "t": 11,
                            "ti": [
                                0,
                                -41.421,
                                0
                            ],
                            "to": [
                                41.421,
                                0,
                                0
                            ]
                        },
                        {
                            "o": {
                                "x": 0.333,
                                "y": 0.305
                            },
                            "i": {
                                "x": 0.667,
                                "y": 0.653
                            },
                            "s": [
                                331,
                                256,
                                0
                            ],
                            "t": 34.172,
                            "ti": [
                                41.421,
                                0,
                                0
                            ],
                            "to": [
                                0,
                                41.421,
                                0
                            ]
                        },
                        {
                            "o": {
                                "x": 0.333,
                                "y": 0.347
                            },
                            "i": {
                                "x": 0.667,
                                "y": 0.695
                            },
                            "s": [
                                256,
                                331,
                                0
                            ],
                            "t": 46.5,
                            "ti": [
                                0,
                                41.421,
                                0
                            ],
                            "to": [
                                -41.421,
                                0,
                                0
                            ]
                        },
                        {
                            "o": {
                                "x": 0.333,
                                "y": 0.574
                            },
                            "i": {
                                "x": 0.667,
                                "y": 1
                            },
                            "s": [
                                181,
                                256,
                                0
                            ],
                            "t": 58.828,
                            "ti": [
                                -41.421,
                                0,
                                0
                            ],
                            "to": [
                                0,
                                -41.421,
                                0
                            ]
                        },
                        {
                            "s": [
                                256,
                                181,
                                0
                            ],
                            "t": 82
                        }
                    ],
                    "ix": 2
                },
                "r": {
                    "a": 0,
                    "k": 0,
                    "ix": 10
                },
                "sa": {
                    "a": 0,
                    "k": 0
                },
                "o": {
                    "a": 0,
                    "k": 100,
                    "ix": 11
                }
            },
            "ef": [],
            "shapes": [
                {
                    "ty": "gr",
                    "bm": 0,
                    "hd": false,
                    "mn": "ADBE Vector Group",
                    "nm": "Ellipse 2",
                    "ix": 1,
                    "cix": 2,
                    "np": 3,
                    "it": [
                        {
                            "ty": "el",
                            "bm": 0,
                            "hd": false,
                            "mn": "ADBE Vector Shape - Ellipse",
                            "nm": "Ellipse Path 1",
                            "d": 1,
                            "p": {
                                "a": 0,
                                "k": [
                                    0,
                                    0
                                ],
                                "ix": 3
                            },
                            "s": {
                                "a": 0,
                                "k": [
                                    50,
                                    50
                                ],
                                "ix": 2
                            }
                        },
                        {
                            "ty": "fl",
                            "bm": 0,
                            "hd": false,
                            "mn": "ADBE Vector Graphic - Fill",
                            "nm": "Fill 1",
                            "c": {
                                "a": 0,
                                "k": [
                                    0.949,
                                    0.3608,
                                    0.5294
                                ],
                                "ix": 4
                            },
                            "r": 1,
                            "o": {
                                "a": 0,
                                "k": 100,
                                "ix": 5
                            }
                        },
                        {
                            "ty": "tr",
                            "a": {
                                "a": 0,
                                "k": [
                                    0,
                                    0
                                ],
                                "ix": 1
                            },
                            "s": {
                                "a": 0,
                                "k": [
                                    100,
                                    100
                                ],
                                "ix": 3
                            },
                            "sk": {
                                "a": 0,
                                "k": 0,
                                "ix": 4
                            },
                            "p": {
                                "a": 0,
                                "k": [
                                    -58,
                                    -78
                                ],
                                "ix": 2
                            },
                            "r": {
                                "a": 0,
                                "k": 0,
                                "ix": 6
                            },
                            "sa": {
                                "a": 0,
                                "k": 0,
                                "ix": 5
                            },
                            "o": {
                                "a": 0,
                                "k": 100,
                                "ix": 7
                            }
                        }
                    ]
                }
            ],
            "ind": 2
        },
        {
            "ty": 4,
            "nm": "circle-3",
            "sr": 1,
            "st": 20,
            "op": 201,
            "ip": 20,
            "hd": false,
            "ddd": 0,
            "bm": 0,
            "hasMask": false,
            "ao": 0,
            "ks": {
                "a": {
                    "a": 0,
                    "k": [
                        -58,
                        -78,
                        0
                    ],
                    "ix": 1
                },
                "s": {
                    "a": 0,
                    "k": [
                        90,
                        90,
                        100
                    ],
                    "ix": 6
                },
                "sk": {
                    "a": 0,
                    "k": 0
                },
                "p": {
                    "a": 1,
                    "k": [
                        {
                            "o": {
                                "x": 0.333,
                                "y": 0
                            },
                            "i": {
                                "x": 0.667,
                                "y": 0.426
                            },
                            "s": [
                                256,
                                181,
                                0
                            ],
                            "t": 20,
                            "ti": [
                                0,
                                -41.421,
                                0
                            ],
                            "to": [
                                41.421,
                                0,
                                0
                            ]
                        },
                        {
                            "o": {
                                "x": 0.333,
                                "y": 0.305
                            },
                            "i": {
                                "x": 0.667,
                                "y": 0.653
                            },
                            "s": [
                                331,
                                256,
                                0
                            ],
                            "t": 43.172,
                            "ti": [
                                41.421,
                                0,
                                0
                            ],
                            "to": [
                                0,
                                41.421,
                                0
                            ]
                        },
                        {
                            "o": {
                                "x": 0.333,
                                "y": 0.347
                            },
                            "i": {
                                "x": 0.667,
                                "y": 0.695
                            },
                            "s": [
                                256,
                                331,
                                0
                            ],
                            "t": 55.5,
                            "ti": [
                                0,
                                41.421,
                                0
                            ],
                            "to": [
                                -41.421,
                                0,
                                0
                            ]
                        },
                        {
                            "o": {
                                "x": 0.333,
                                "y": 0.574
                            },
                            "i": {
                                "x": 0.667,
                                "y": 1
                            },
                            "s": [
                                181,
                                256,
                                0
                            ],
                            "t": 67.828,
                            "ti": [
                                -41.421,
                                0,
                                0
                            ],
                            "to": [
                                0,
                                -41.421,
                                0
                            ]
                        },
                        {
                            "s": [
                                256,
                                181,
                                0
                            ],
                            "t": 91
                        }
                    ],
                    "ix": 2
                },
                "r": {
                    "a": 0,
                    "k": 0,
                    "ix": 10
                },
                "sa": {
                    "a": 0,
                    "k": 0
                },
                "o": {
                    "a": 0,
                    "k": 100,
                    "ix": 11
                }
            },
            "ef": [],
            "shapes": [
                {
                    "ty": "gr",
                    "bm": 0,
                    "hd": false,
                    "mn": "ADBE Vector Group",
                    "nm": "Ellipse 2",
                    "ix": 1,
                    "cix": 2,
                    "np": 3,
                    "it": [
                        {
                            "ty": "el",
                            "bm": 0,
                            "hd": false,
                            "mn": "ADBE Vector Shape - Ellipse",
                            "nm": "Ellipse Path 1",
                            "d": 1,
                            "p": {
                                "a": 0,
                                "k": [
                                    0,
                                    0
                                ],
                                "ix": 3
                            },
                            "s": {
                                "a": 0,
                                "k": [
                                    50,
                                    50
                                ],
                                "ix": 2
                            }
                        },
                        {
                            "ty": "fl",
                            "bm": 0,
                            "hd": false,
                            "mn": "ADBE Vector Graphic - Fill",
                            "nm": "Fill 1",
                            "c": {
                                "a": 0,
                                "k": [
                                    0.9412,
                                    0.4863,
                                    0.6157
                                ],
                                "ix": 4
                            },
                            "r": 1,
                            "o": {
                                "a": 0,
                                "k": 100,
                                "ix": 5
                            }
                        },
                        {
                            "ty": "tr",
                            "a": {
                                "a": 0,
                                "k": [
                                    0,
                                    0
                                ],
                                "ix": 1
                            },
                            "s": {
                                "a": 0,
                                "k": [
                                    100,
                                    100
                                ],
                                "ix": 3
                            },
                            "sk": {
                                "a": 0,
                                "k": 0,
                                "ix": 4
                            },
                            "p": {
                                "a": 0,
                                "k": [
                                    -58,
                                    -78
                                ],
                                "ix": 2
                            },
                            "r": {
                                "a": 0,
                                "k": 0,
                                "ix": 6
                            },
                            "sa": {
                                "a": 0,
                                "k": 0,
                                "ix": 5
                            },
                            "o": {
                                "a": 0,
                                "k": 100,
                                "ix": 7
                            }
                        }
                    ]
                }
            ],
            "ind": 3
        },
        {
            "ty": 4,
            "nm": "circle-4",
            "sr": 1,
            "st": 28,
            "op": 209,
            "ip": 28,
            "hd": false,
            "ddd": 0,
            "bm": 0,
            "hasMask": false,
            "ao": 0,
            "ks": {
                "a": {
                    "a": 0,
                    "k": [
                        -58,
                        -78,
                        0
                    ],
                    "ix": 1
                },
                "s": {
                    "a": 0,
                    "k": [
                        70,
                        70,
                        100
                    ],
                    "ix": 6
                },
                "sk": {
                    "a": 0,
                    "k": 0
                },
                "p": {
                    "a": 1,
                    "k": [
                        {
                            "o": {
                                "x": 0.333,
                                "y": 0
                            },
                            "i": {
                                "x": 0.667,
                                "y": 0.426
                            },
                            "s": [
                                256,
                                181,
                                0
                            ],
                            "t": 28,
                            "ti": [
                                0,
                                -41.421,
                                0
                            ],
                            "to": [
                                41.421,
                                0,
                                0
                            ]
                        },
                        {
                            "o": {
                                "x": 0.333,
                                "y": 0.305
                            },
                            "i": {
                                "x": 0.667,
                                "y": 0.653
                            },
                            "s": [
                                331,
                                256,
                                0
                            ],
                            "t": 51.172,
                            "ti": [
                                41.421,
                                0,
                                0
                            ],
                            "to": [
                                0,
                                41.421,
                                0
                            ]
                        },
                        {
                            "o": {
                                "x": 0.333,
                                "y": 0.347
                            },
                            "i": {
                                "x": 0.667,
                                "y": 0.695
                            },
                            "s": [
                                256,
                                331,
                                0
                            ],
                            "t": 63.5,
                            "ti": [
                                0,
                                41.421,
                                0
                            ],
                            "to": [
                                -41.421,
                                0,
                                0
                            ]
                        },
                        {
                            "o": {
                                "x": 0.333,
                                "y": 0.574
                            },
                            "i": {
                                "x": 0.667,
                                "y": 1
                            },
                            "s": [
                                181,
                                256,
                                0
                            ],
                            "t": 75.828,
                            "ti": [
                                -41.421,
                                0,
                                0
                            ],
                            "to": [
                                0,
                                -41.421,
                                0
                            ]
                        },
                        {
                            "s": [
                                256,
                                181,
                                0
                            ],
                            "t": 99
                        }
                    ],
                    "ix": 2
                },
                "r": {
                    "a": 0,
                    "k": 0,
                    "ix": 10
                },
                "sa": {
                    "a": 0,
                    "k": 0
                },
                "o": {
                    "a": 0,
                    "k": 100,
                    "ix": 11
                }
            },
            "ef": [],
            "shapes": [
                {
                    "ty": "gr",
                    "bm": 0,
                    "hd": false,
                    "mn": "ADBE Vector Group",
                    "nm": "Ellipse 2",
                    "ix": 1,
                    "cix": 2,
                    "np": 3,
                    "it": [
                        {
                            "ty": "el",
                            "bm": 0,
                            "hd": false,
                            "mn": "ADBE Vector Shape - Ellipse",
                            "nm": "Ellipse Path 1",
                            "d": 1,
                            "p": {
                                "a": 0,
                                "k": [
                                    0,
                                    0
                                ],
                                "ix": 3
                            },
                            "s": {
                                "a": 0,
                                "k": [
                                    50,
                                    50
                                ],
                                "ix": 2
                            }
                        },
                        {
                            "ty": "fl",
                            "bm": 0,
                            "hd": false,
                            "mn": "ADBE Vector Graphic - Fill",
                            "nm": "Fill 1",
                            "c": {
                                "a": 0,
                                "k": [
                                    0.9608,
                                    0.5686,
                                    0.6824
                                ],
                                "ix": 4
                            },
                            "r": 1,
                            "o": {
                                "a": 0,
                                "k": 100,
                                "ix": 5
                            }
                        },
                        {
                            "ty": "tr",
                            "a": {
                                "a": 0,
                                "k": [
                                    0,
                                    0
                                ],
                                "ix": 1
                            },
                            "s": {
                                "a": 0,
                                "k": [
                                    100,
                                    100
                                ],
                                "ix": 3
                            },
                            "sk": {
                                "a": 0,
                                "k": 0,
                                "ix": 4
                            },
                            "p": {
                                "a": 0,
                                "k": [
                                    -58,
                                    -78
                                ],
                                "ix": 2
                            },
                            "r": {
                                "a": 0,
                                "k": 0,
                                "ix": 6
                            },
                            "sa": {
                                "a": 0,
                                "k": 0,
                                "ix": 5
                            },
                            "o": {
                                "a": 0,
                                "k": 100,
                                "ix": 7
                            }
                        }
                    ]
                }
            ],
            "ind": 4
        },
        {
            "ty": 4,
            "nm": "circle-5",
            "sr": 1,
            "st": 37,
            "op": 218,
            "ip": 37,
            "hd": false,
            "ddd": 0,
            "bm": 0,
            "hasMask": false,
            "ao": 0,
            "ks": {
                "a": {
                    "a": 0,
                    "k": [
                        -58,
                        -78,
                        0
                    ],
                    "ix": 1
                },
                "s": {
                    "a": 0,
                    "k": [
                        50,
                        50,
                        100
                    ],
                    "ix": 6
                },
                "sk": {
                    "a": 0,
                    "k": 0
                },
                "p": {
                    "a": 1,
                    "k": [
                        {
                            "o": {
                                "x": 0.333,
                                "y": 0
                            },
                            "i": {
                                "x": 0.667,
                                "y": 0.426
                            },
                            "s": [
                                256,
                                181,
                                0
                            ],
                            "t": 37,
                            "ti": [
                                0,
                                -41.421,
                                0
                            ],
                            "to": [
                                41.421,
                                0,
                                0
                            ]
                        },
                        {
                            "o": {
                                "x": 0.333,
                                "y": 0.305
                            },
                            "i": {
                                "x": 0.667,
                                "y": 0.653
                            },
                            "s": [
                                331,
                                256,
                                0
                            ],
                            "t": 60.172,
                            "ti": [
                                41.421,
                                0,
                                0
                            ],
                            "to": [
                                0,
                                41.421,
                                0
                            ]
                        },
                        {
                            "o": {
                                "x": 0.333,
                                "y": 0.347
                            },
                            "i": {
                                "x": 0.667,
                                "y": 0.695
                            },
                            "s": [
                                256,
                                331,
                                0
                            ],
                            "t": 72.5,
                            "ti": [
                                0,
                                41.421,
                                0
                            ],
                            "to": [
                                -41.421,
                                0,
                                0
                            ]
                        },
                        {
                            "o": {
                                "x": 0.333,
                                "y": 0.574
                            },
                            "i": {
                                "x": 0.667,
                                "y": 1
                            },
                            "s": [
                                181,
                                256,
                                0
                            ],
                            "t": 84.828,
                            "ti": [
                                -41.421,
                                0,
                                0
                            ],
                            "to": [
                                0,
                                -41.421,
                                0
                            ]
                        },
                        {
                            "s": [
                                256,
                                181,
                                0
                            ],
                            "t": 108
                        }
                    ],
                    "ix": 2
                },
                "r": {
                    "a": 0,
                    "k": 0,
                    "ix": 10
                },
                "sa": {
                    "a": 0,
                    "k": 0
                },
                "o": {
                    "a": 0,
                    "k": 100,
                    "ix": 11
                }
            },
            "ef": [],
            "shapes": [
                {
                    "ty": "gr",
                    "bm": 0,
                    "hd": false,
                    "mn": "ADBE Vector Group",
                    "nm": "Ellipse 2",
                    "ix": 1,
                    "cix": 2,
                    "np": 3,
                    "it": [
                        {
                            "ty": "el",
                            "bm": 0,
                            "hd": false,
                            "mn": "ADBE Vector Shape - Ellipse",
                            "nm": "Ellipse Path 1",
                            "d": 1,
                            "p": {
                                "a": 0,
                                "k": [
                                    0,
                                    0
                                ],
                                "ix": 3
                            },
                            "s": {
                                "a": 0,
                                "k": [
                                    50,
                                    50
                                ],
                                "ix": 2
                            }
                        },
                        {
                            "ty": "fl",
                            "bm": 0,
                            "hd": false,
                            "mn": "ADBE Vector Graphic - Fill",
                            "nm": "Fill 1",
                            "c": {
                                "a": 0,
                                "k": [
                                    0.9765,
                                    0.8941,
                                    0.9333
                                ],
                                "ix": 4
                            },
                            "r": 1,
                            "o": {
                                "a": 0,
                                "k": 100,
                                "ix": 5
                            }
                        },
                        {
                            "ty": "tr",
                            "a": {
                                "a": 0,
                                "k": [
                                    0,
                                    0
                                ],
                                "ix": 1
                            },
                            "s": {
                                "a": 0,
                                "k": [
                                    100,
                                    100
                                ],
                                "ix": 3
                            },
                            "sk": {
                                "a": 0,
                                "k": 0,
                                "ix": 4
                            },
                            "p": {
                                "a": 0,
                                "k": [
                                    -58,
                                    -78
                                ],
                                "ix": 2
                            },
                            "r": {
                                "a": 0,
                                "k": 0,
                                "ix": 6
                            },
                            "sa": {
                                "a": 0,
                                "k": 0,
                                "ix": 5
                            },
                            "o": {
                                "a": 0,
                                "k": 100,
                                "ix": 7
                            }
                        }
                    ]
                }
            ],
            "ind": 5
        }
    ],
    "v": "4.8.0",
    "fr": 60,
    "op": 121,
    "ip": 0,
    "assets": []
}